{
  "DELETE " : {
    "transaction" : "DELETE ",
    "sampleCount" : 40,
    "errorCount" : 0,
    "errorPct" : 0.0,
    "meanResTime" : 117.225,
    "medianResTime" : 111.0,
    "minResTime" : 108.0,
    "maxResTime" : 151.0,
    "pct1ResTime" : 142.29999999999998,
    "pct2ResTime" : 148.85,
    "pct3ResTime" : 151.0,
    "throughput" : 2.0668630186534385,
    "receivedKBytesPerSec" : 0.42588681341394097,
    "sentKBytesPerSec" : 0.4159965509223376
  },
  "PUT " : {
    "transaction" : "PUT ",
    "sampleCount" : 40,
    "errorCount" : 0,
    "errorPct" : 0.0,
    "meanResTime" : 119.30000000000001,
    "medianResTime" : 112.0,
    "minResTime" : 109.0,
    "maxResTime" : 154.0,
    "pct1ResTime" : 148.5,
    "pct2ResTime" : 152.85,
    "pct3ResTime" : 154.0,
    "throughput" : 2.06953642384106,
    "receivedKBytesPerSec" : 0.6998832652110928,
    "sentKBytesPerSec" : 0.6354123551324503
  },
  "POST" : {
    "transaction" : "POST",
    "sampleCount" : 40,
    "errorCount" : 0,
    "errorPct" : 0.0,
    "meanResTime" : 118.05000000000001,
    "medianResTime" : 111.0,
    "minResTime" : 109.0,
    "maxResTime" : 165.0,
    "pct1ResTime" : 145.9,
    "pct2ResTime" : 153.7,
    "pct3ResTime" : 165.0,
    "throughput" : 2.0737207734978487,
    "receivedKBytesPerSec" : 0.7012983436155321,
    "sentKBytesPerSec" : 0.6344694515008553
  },
  "Total" : {
    "transaction" : "Total",
    "sampleCount" : 200,
    "errorCount" : 0,
    "errorPct" : 0.0,
    "meanResTime" : 195.20500000000004,
    "medianResTime" : 112.0,
    "minResTime" : 108.0,
    "maxResTime" : 1141.0,
    "pct1ResTime" : 463.9,
    "pct2ResTime" : 502.95,
    "pct3ResTime" : 710.2900000000006,
    "throughput" : 9.596468499592149,
    "receivedKBytesPerSec" : 8.17405444796315,
    "sentKBytesPerSec" : 2.248984873566527
  },
  "GET" : {
    "transaction" : "GET",
    "sampleCount" : 40,
    "errorCount" : 0,
    "errorPct" : 0.0,
    "meanResTime" : 116.54999999999998,
    "medianResTime" : 111.0,
    "minResTime" : 108.0,
    "maxResTime" : 152.0,
    "pct1ResTime" : 145.39999999999998,
    "pct2ResTime" : 147.0,
    "pct3ResTime" : 152.0,
    "throughput" : 2.0774903916069385,
    "receivedKBytesPerSec" : 0.7131229225096083,
    "sentKBytesPerSec" : 0.37350193466292714
  },
  "GET ALL" : {
    "transaction" : "GET ALL",
    "sampleCount" : 40,
    "errorCount" : 0,
    "errorPct" : 0.0,
    "meanResTime" : 504.8999999999999,
    "medianResTime" : 463.5,
    "minResTime" : 442.0,
    "maxResTime" : 1141.0,
    "pct1ResTime" : 602.5,
    "pct2ResTime" : 707.4499999999997,
    "pct3ResTime" : 1141.0,
    "throughput" : 1.9747235387045812,
    "receivedKBytesPerSec" : 5.989737608609794,
    "sentKBytesPerSec" : 0.3509762539494471
  }
}