{
  "DELETE " : {
    "transaction" : "DELETE ",
    "sampleCount" : 40,
    "errorCount" : 0,
    "errorPct" : 0.0,
    "meanResTime" : 114.69999999999997,
    "medianResTime" : 111.0,
    "minResTime" : 107.0,
    "maxResTime" : 168.0,
    "pct1ResTime" : 134.39999999999998,
    "pct2ResTime" : 138.89999999999998,
    "pct3ResTime" : 168.0,
    "throughput" : 2.1745039412883935,
    "receivedKBytesPerSec" : 0.4480667300896983,
    "sentKBytesPerSec" : 0.4376613889643925
  },
  "PUT " : {
    "transaction" : "PUT ",
    "sampleCount" : 40,
    "errorCount" : 0,
    "errorPct" : 0.0,
    "meanResTime" : 114.27499999999999,
    "medianResTime" : 111.0,
    "minResTime" : 109.0,
    "maxResTime" : 145.0,
    "pct1ResTime" : 124.6,
    "pct2ResTime" : 141.7,
    "pct3ResTime" : 145.0,
    "throughput" : 2.175213442819077,
    "receivedKBytesPerSec" : 0.7356214992658655,
    "sentKBytesPerSec" : 0.6678585023655447
  },
  "POST" : {
    "transaction" : "POST",
    "sampleCount" : 40,
    "errorCount" : 0,
    "errorPct" : 0.0,
    "meanResTime" : 115.57499999999999,
    "medianResTime" : 111.0,
    "minResTime" : 109.0,
    "maxResTime" : 183.0,
    "pct1ResTime" : 118.8,
    "pct2ResTime" : 154.95,
    "pct3ResTime" : 183.0,
    "throughput" : 2.1742675436212426,
    "receivedKBytesPerSec" : 0.7353016116758168,
    "sentKBytesPerSec" : 0.6652324427895853
  },
  "Total" : {
    "transaction" : "Total",
    "sampleCount" : 200,
    "errorCount" : 0,
    "errorPct" : 0.0,
    "meanResTime" : 191.71499999999997,
    "medianResTime" : 111.5,
    "minResTime" : 107.0,
    "maxResTime" : 1349.0,
    "pct1ResTime" : 465.0,
    "pct2ResTime" : 485.0,
    "pct3ResTime" : 618.7400000000002,
    "throughput" : 9.955201592832253,
    "receivedKBytesPerSec" : 8.48112206010453,
    "sentKBytesPerSec" : 2.3330559357889498
  },
  "GET" : {
    "transaction" : "GET",
    "sampleCount" : 40,
    "errorCount" : 0,
    "errorPct" : 0.0,
    "meanResTime" : 113.62499999999999,
    "medianResTime" : 110.5,
    "minResTime" : 108.0,
    "maxResTime" : 163.0,
    "pct1ResTime" : 120.39999999999999,
    "pct2ResTime" : 149.54999999999987,
    "pct3ResTime" : 163.0,
    "throughput" : 2.1746221593998043,
    "receivedKBytesPerSec" : 0.7465176314287268,
    "sentKBytesPerSec" : 0.39096478471240625
  },
  "GET ALL" : {
    "transaction" : "GET ALL",
    "sampleCount" : 40,
    "errorCount" : 0,
    "errorPct" : 0.0,
    "meanResTime" : 500.40000000000003,
    "medianResTime" : 465.0,
    "minResTime" : 450.0,
    "maxResTime" : 1349.0,
    "pct1ResTime" : 561.8999999999999,
    "pct2ResTime" : 617.6999999999999,
    "pct3ResTime" : 1349.0,
    "throughput" : 2.0373860337187386,
    "receivedKBytesPerSec" : 6.18129791040595,
    "sentKBytesPerSec" : 0.36211353333672897
  }
}