{
  "DELETE " : {
    "transaction" : "DELETE ",
    "sampleCount" : 51,
    "errorCount" : 0,
    "errorPct" : 0.0,
    "meanResTime" : 137.1372549019608,
    "medianResTime" : 145.0,
    "minResTime" : 108.0,
    "maxResTime" : 175.0,
    "pct1ResTime" : 152.8,
    "pct2ResTime" : 154.4,
    "pct3ResTime" : 175.0,
    "throughput" : 0.8901144931583357,
    "receivedKBytesPerSec" : 0.18341226372696173,
    "sentKBytesPerSec" : 0.17915122238027087
  },
  "PUT " : {
    "transaction" : "PUT ",
    "sampleCount" : 51,
    "errorCount" : 0,
    "errorPct" : 0.0,
    "meanResTime" : 140.21568627450984,
    "medianResTime" : 146.0,
    "minResTime" : 109.0,
    "maxResTime" : 231.0,
    "pct1ResTime" : 162.00000000000003,
    "pct2ResTime" : 178.2,
    "pct3ResTime" : 231.0,
    "throughput" : 0.8895090259004099,
    "receivedKBytesPerSec" : 0.300778184137089,
    "sentKBytesPerSec" : 0.2730661899363391
  },
  "POST" : {
    "transaction" : "POST",
    "sampleCount" : 52,
    "errorCount" : 0,
    "errorPct" : 0.0,
    "meanResTime" : 140.13461538461544,
    "medianResTime" : 145.0,
    "minResTime" : 109.0,
    "maxResTime" : 225.0,
    "pct1ResTime" : 152.4,
    "pct2ResTime" : 190.09999999999997,
    "pct3ResTime" : 225.0,
    "throughput" : 0.8896036131592904,
    "receivedKBytesPerSec" : 0.30078920243614526,
    "sentKBytesPerSec" : 0.2721203359964416
  },
  "Total" : {
    "transaction" : "Total",
    "sampleCount" : 258,
    "errorCount" : 0,
    "errorPct" : 0.0,
    "meanResTime" : 230.88759689922483,
    "medianResTime" : 148.0,
    "minResTime" : 108.0,
    "maxResTime" : 1192.0,
    "pct1ResTime" : 603.1,
    "pct2ResTime" : 616.15,
    "pct3ResTime" : 784.8900000000033,
    "throughput" : 4.316980121812462,
    "receivedKBytesPerSec" : 3.698123426100997,
    "sentKBytesPerSec" : 1.0117922160497959
  },
  "GET" : {
    "transaction" : "GET",
    "sampleCount" : 52,
    "errorCount" : 0,
    "errorPct" : 0.0,
    "meanResTime" : 137.26923076923077,
    "medianResTime" : 145.5,
    "minResTime" : 109.0,
    "maxResTime" : 173.0,
    "pct1ResTime" : 152.7,
    "pct2ResTime" : 159.5999999999999,
    "pct3ResTime" : 173.0,
    "throughput" : 0.8900756564307966,
    "receivedKBytesPerSec" : 0.30567934061654856,
    "sentKBytesPerSec" : 0.16001904783300813
  },
  "GET ALL" : {
    "transaction" : "GET ALL",
    "sampleCount" : 52,
    "errorCount" : 0,
    "errorPct" : 0.0,
    "meanResTime" : 596.1346153846154,
    "medianResTime" : 603.0,
    "minResTime" : 446.0,
    "maxResTime" : 1192.0,
    "pct1ResTime" : 686.0000000000001,
    "pct2ResTime" : 777.1499999999993,
    "pct3ResTime" : 1192.0,
    "throughput" : 0.8744051522642049,
    "receivedKBytesPerSec" : 2.653824891960517,
    "sentKBytesPerSec" : 0.1562657645159663
  }
}