{
  "DELETE " : {
    "transaction" : "DELETE ",
    "sampleCount" : 62,
    "errorCount" : 0,
    "errorPct" : 0.0,
    "meanResTime" : 111.70967741935486,
    "medianResTime" : 110.0,
    "minResTime" : 108.0,
    "maxResTime" : 147.0,
    "pct1ResTime" : 116.7,
    "pct2ResTime" : 126.09999999999997,
    "pct3ResTime" : 147.0,
    "throughput" : 1.0805346903919553,
    "receivedKBytesPerSec" : 0.2226492379616236,
    "sentKBytesPerSec" : 0.21747530673242824
  },
  "PUT " : {
    "transaction" : "PUT ",
    "sampleCount" : 62,
    "errorCount" : 0,
    "errorPct" : 0.0,
    "meanResTime" : 114.7258064516129,
    "medianResTime" : 111.0,
    "minResTime" : 108.0,
    "maxResTime" : 203.0,
    "pct1ResTime" : 117.7,
    "pct2ResTime" : 142.4499999999999,
    "pct3ResTime" : 203.0,
    "throughput" : 1.0805535222559168,
    "receivedKBytesPerSec" : 0.3653642020896511,
    "sentKBytesPerSec" : 0.33169902336261287
  },
  "POST" : {
    "transaction" : "POST",
    "sampleCount" : 62,
    "errorCount" : 0,
    "errorPct" : 0.0,
    "meanResTime" : 111.6935483870968,
    "medianResTime" : 111.0,
    "minResTime" : 109.0,
    "maxResTime" : 149.0,
    "pct1ResTime" : 113.7,
    "pct2ResTime" : 119.69999999999999,
    "pct3ResTime" : 149.0,
    "throughput" : 1.0804781987382803,
    "receivedKBytesPerSec" : 0.3653387331828797,
    "sentKBytesPerSec" : 0.33051863498135303
  },
  "Total" : {
    "transaction" : "Total",
    "sampleCount" : 312,
    "errorCount" : 0,
    "errorPct" : 0.0,
    "meanResTime" : 190.64102564102583,
    "medianResTime" : 111.0,
    "minResTime" : 108.0,
    "maxResTime" : 1303.0,
    "pct1ResTime" : 467.0,
    "pct2ResTime" : 483.34999999999997,
    "pct3ResTime" : 662.1200000000003,
    "throughput" : 5.224905382322403,
    "receivedKBytesPerSec" : 4.476513830508758,
    "sentKBytesPerSec" : 1.223524189260475
  },
  "GET" : {
    "transaction" : "GET",
    "sampleCount" : 63,
    "errorCount" : 0,
    "errorPct" : 0.0,
    "meanResTime" : 113.6984126984127,
    "medianResTime" : 110.0,
    "minResTime" : 108.0,
    "maxResTime" : 155.0,
    "pct1ResTime" : 122.60000000000001,
    "pct2ResTime" : 145.39999999999998,
    "pct3ResTime" : 155.0,
    "throughput" : 1.0787117100148964,
    "receivedKBytesPerSec" : 0.37025535396298137,
    "sentKBytesPerSec" : 0.19393133700323614
  },
  "GET ALL" : {
    "transaction" : "GET ALL",
    "sampleCount" : 63,
    "errorCount" : 0,
    "errorPct" : 0.0,
    "meanResTime" : 497.66666666666674,
    "medianResTime" : 467.0,
    "minResTime" : 447.0,
    "maxResTime" : 1303.0,
    "pct1ResTime" : 570.8,
    "pct2ResTime" : 656.7999999999997,
    "pct3ResTime" : 1303.0,
    "throughput" : 1.056976041876384,
    "receivedKBytesPerSec" : 3.204204389596336,
    "sentKBytesPerSec" : 0.18889317935876787
  }
}